{
  "content": [
    {
      "path": "ContentInfo/ulkm-brauna/ContentHistory.json",
      "size": 135,
      "date": 133361775204138455
    },
    {
      "path": "ContentInfo/ulkm-brauna/Thumbnail.jpg",
      "size": 13520,
      "date": 132386306720000000
    },
    {
      "path": "MaterialLibs/mymaterials/Library.xml",
      "size": 28,
      "date": 133361775203978749
    },
    {
      "path": "scenery/global/scenery/Sportfreund Design-ulkm-brauna-modelLib.BGL",
      "size": 56,
      "date": 133361775204088705
    },
    {
      "path": "scenery/world/scenery/ulkm-airport.bgl",
      "size": 2428,
      "date": 133361775203939120
    }
  ]
}