<AssetPackage
    Name="ulkm-brauna"
    Version="0.1">
    <ItemSettings>
        <ContentType>SCENERY</ContentType>
            <Title>UL Landeplatz Brauna</Title>
                <Manufacturer></Manufacturer>
                    <Creator>Sportfreund Design</Creator>
                    </ItemSettings>
                    <Flags>
                        <VisibleInStore>false</VisibleInStore>
                            <CanBeReferenced>false</CanBeReferenced>
                            </Flags>
                            <AssetGroups>
                                <AssetGroup
                                    Name="ulkm-airport">
                                    <Type>BGL</Type>
                                        <Flags>
                                            <FSXCompatibility>false</FSXCompatibility>
                                            </Flags>
                                            <AssetDir>PackageSources\data\</AssetDir>
                                                <OutputDir>scenery\world\scenery</OutputDir>
                                                </AssetGroup>
                                                <AssetGroup
                                                    Name="ulkm-models">
                                                    <Type>ModelLib</Type>
                                                        <Flags>
                                                            <FSXCompatibility>false</FSXCompatibility>
                                                            </Flags>
                                                            <AssetDir>PackageSources\Sportfreund Design-ulkm-brauna-modelLib\</AssetDir>
                                                                <OutputDir>scenery\global\scenery\</OutputDir>
                                                                </AssetGroup>
                                                                <AssetGroup
                                                                    Name="ulkm-materials">
                                                                    <Type>MaterialLib</Type>
                                                                        <Flags>
                                                                            <FSXCompatibility>false</FSXCompatibility>
                                                                            </Flags>
                                                                            <AssetDir>PackageSources\materials\</AssetDir>
                                                                                <OutputDir>MaterialLibs\mymaterials\</OutputDir>
                                                                                </AssetGroup>
                                                                                <AssetGroup
                                                                                    Name="ULKM-contentInfo">
                                                                                    <Type>ContentInfo</Type>
                                                                                        <Flags>
                                                                                            <FSXCompatibility>false</FSXCompatibility>
                                                                                            </Flags>
                                                                                            <AssetDir>PackageDefinitions\ulkm-brauna\ContentInfo\</AssetDir>
                                                                                                <OutputDir>ContentInfo\ulkm-brauna\</OutputDir>
                                                                                                </AssetGroup>
                                                                                            </AssetGroups>
                                                                                        </AssetPackage>
