{
  "content": [
    {
      "path": "ContentInfo/edcm-kamenz/ContentHistory.json",
      "size": 135,
      "date": 133362487234067931
    },
    {
      "path": "ContentInfo/edcm-kamenz/Thumbnail.jpg",
      "size": 13520,
      "date": 132386306720000000
    },
    {
      "path": "MaterialLibs/mymaterials/Library.xml",
      "size": 28,
      "date": 133362487233902607
    },
    {
      "path": "scenery/global/scenery/Sportfreund Design-edcm-kamenz-modelLib.BGL",
      "size": 56,
      "date": 133362487234027778
    },
    {
      "path": "scenery/world/scenery/edcm-airport.bgl",
      "size": 30783,
      "date": 133362487233862623
    }
  ]
}