{
  "content": [
    {
      "path": "ContentInfo/edcm-kamenz/ContentHistory.json",
      "size": 135,
      "date": 133362387697137561
    },
    {
      "path": "ContentInfo/edcm-kamenz/Thumbnail.jpg",
      "size": 13520,
      "date": 133362364965648600
    },
    {
      "path": "MaterialLibs/mymaterials/Library.xml",
      "size": 28,
      "date": 133362387696958362
    },
    {
      "path": "scenery/global/scenery/Sportfreund Design-edcm-kamenz-modelLib.BGL",
      "size": 56,
      "date": 133362387697077333
    },
    {
      "path": "scenery/world/scenery/edcm-airport.bgl",
      "size": 30215,
      "date": 133362387696877928
    }
  ]
}