<AssetPackage
    Name="edcm-kamenz"
    Version="0.1">
    <ItemSettings>
        <ContentType>SCENERY</ContentType>
            <Title>Kamenz Retrofit</Title>
                <Manufacturer></Manufacturer>
                    <Creator>Sportfreund Design</Creator>
                    </ItemSettings>
                    <Flags>
                        <VisibleInStore>false</VisibleInStore>
                            <CanBeReferenced>false</CanBeReferenced>
                            </Flags>
                            <AssetGroups>
                                <AssetGroup
                                    Name="edcm-airport">
                                    <Type>BGL</Type>
                                        <Flags>
                                            <FSXCompatibility>false</FSXCompatibility>
                                            </Flags>
                                            <AssetDir>PackageSources\data\</AssetDir>
                                                <OutputDir>scenery\world\scenery</OutputDir>
                                                </AssetGroup>
                                                <AssetGroup
                                                    Name="edcm-models">
                                                    <Type>ModelLib</Type>
                                                        <Flags>
                                                            <FSXCompatibility>false</FSXCompatibility>
                                                            </Flags>
                                                            <AssetDir>PackageSources\Sportfreund Design-edcm-kamenz-modelLib\</AssetDir>
                                                                <OutputDir>scenery\global\scenery\</OutputDir>
                                                                </AssetGroup>
                                                                <AssetGroup
                                                                    Name="edcm-materials">
                                                                    <Type>MaterialLib</Type>
                                                                        <Flags>
                                                                            <FSXCompatibility>false</FSXCompatibility>
                                                                            </Flags>
                                                                            <AssetDir>PackageSources\materials\</AssetDir>
                                                                                <OutputDir>MaterialLibs\mymaterials\</OutputDir>
                                                                                </AssetGroup>
                                                                                <AssetGroup
                                                                                    Name="EDCM-contentInfo">
                                                                                    <Type>ContentInfo</Type>
                                                                                        <Flags>
                                                                                            <FSXCompatibility>false</FSXCompatibility>
                                                                                            </Flags>
                                                                                            <AssetDir>PackageDefinitions\edcm-kamenz\ContentInfo\</AssetDir>
                                                                                                <OutputDir>ContentInfo\edcm-kamenz\</OutputDir>
                                                                                                </AssetGroup>
                                                                                            </AssetGroups>
                                                                                        </AssetPackage>
