{
  "content": [
    {
      "path": "ContentInfo/edcm-kamenz/ContentHistory.json",
      "size": 135,
      "date": 133360929288694961
    },
    {
      "path": "ContentInfo/edcm-kamenz/Thumbnail.jpg",
      "size": 13520,
      "date": 132386306720000000
    },
    {
      "path": "MaterialLibs/mymaterials/Library.xml",
      "size": 28,
      "date": 133360929288535382
    },
    {
      "path": "scenery/global/scenery/Sportfreund Design-edcm-kamenz-modelLib.BGL",
      "size": 56,
      "date": 133360929288655079
    },
    {
      "path": "scenery/world/scenery/edcm-airport.bgl",
      "size": 28963,
      "date": 133360929288495493
    }
  ]
}